Objeção,Gatilhos,Resposta
Preço / Não tenho condições,"é caro, não tenho condições, não posso pagar","[nome], entendo essa preocupação 💙 A avaliação em si é uma cortesia, sem custo nesse primeiro momento. O valor do tratamento só sai depois, com a doutora olhando seu caso de perto."
Medo / Trauma,"tenho medo, medo de dor, medo de cirurgia, trauma de dentista","Isso é mais comum do que parece 😊 Aqui trabalhamos com boa sedação e anestesia local. Muitos pacientes relatam bastante conforto."
Pergunta direta de preço,"quanto custa, qual o valor, quanto fica","O valor é personalizado, depende do seu caso. Na avaliação a doutora te passa isso com precisão."
Parcelamento,"dá pra parcelar, como faço pra pagar, tem carnê","Aceitamos cartão de crédito, carnê próprio, boleto e entrada programada. A doutora detalha as condições na avaliação."
Distância,"fica longe, é muita distância","Somos bem centrais em Londrina, com estacionamento próprio 😊 Vale a visita."
Adaptação,"já uso dentadura, me viro assim, não sinto tanta falta","Entendo, muita gente se acostuma. Mas dá pra recuperar o conforto de mastigar sem preocupação. Vale a pena avaliar."
Tem custo a avaliação?,"a avaliação tem custo, é grátis mesmo, tem que pagar pra avaliar","A avaliação é uma cortesia da clínica, sem custo nesse primeiro momento 😊"
Indecisão,"vou pensar, depois eu vejo, ainda não sei","Sem pressa 💙 Separo um horário e você confirma quando quiser. Posso deixar reservado?"
Idade da criança,"vocês atendem criança, tem odontopediatria","Atendemos a partir de 8 anos. Se for o caso do seu filho, me conta a idade dele?"
