ID,Objeção,Gatilhos,Resposta
1,Preço / Não tenho condições,"é caro, não tenho condições, não posso pagar, acima do meu orçamento, não tenho dinheiro","Entendo essa preocupação, e ela faz todo sentido 💙 Qual o valor de você voltar a sorrir e ter seus relacionamentos restaurados? A avaliação é completamente sem custo. Você só vem conversar com nossa especialista, sem compromisso."
2,Medo / Trauma de dentista,"tenho medo, dói, tive experiência ruim, medo de cirurgia, medo de dentista","Esse medo é muito mais comum do que parece — e nossa especialista entende isso muito bem 😊 Muitos chegam tremendo e saem surpresos com a tranquilidade. Na avaliação, ela explica cada detalhe antes de qualquer decisão."
3,Idade / Sou muito velho,"sou muito velho, minha idade não permite, já estou idoso, com minha idade não adianta","Posso te dizer uma coisa? 🥰 A idade sozinha raramente é impedimento — o que importa é a saúde geral, e isso avaliamos na consulta. Já tratamos pacientes de muitas idades diferentes."
4,Pergunta direta de preço,"qual o preço, quanto custa, me fala o valor, qual o orçamento, tem como me dizer o preço","O valor é personalizado porque depende do seu caso específico 😊 Mas a avaliação é totalmente sem custo. Nossa especialista avalia e apresenta as opções com calma. Posso agendar?"
5,Distância / Fica longe,"fica longe, é muita distância, fica do outro lado da cidade, muito longe, não consigo ir","Entendo! 💙 Qual a distância entre o seu melhor sorriso e seus relacionamentos restaurados — e a distância até nossa clínica? Muitos vêm de cidades vizinhas porque sabem que vale."
6,Adaptação / Me viro com dentadura,"me viro com dentadura, estou acostumado, não preciso de implante, dentadura resolve","Entendo que você se adaptou 😊 Mas tem alguma situação no dia a dia que ainda te incomoda? Comer algo, sorrir em foto? A avaliação é sem custo e sem compromisso."
7,Indecisão / Vou pensar,"vou pensar, depois eu marco, preciso de tempo, não estou decidido, vou ver","Entendo que você precisa de tempo 😊 Só que casos como o seu tendem a complicar com o tempo. Posso reservar uma data tranquila para você, sem pressa. Qual período ficaria melhor?"
8,Tem custo? / É realmente sem custo?,"tem custo, vai cobrar, é de graça mesmo, realmente sem pagar, tem algum custo","A avaliação é completamente sem custo neste momento 😊 É um horário exclusivo com nossa especialista. Posso deixar reservado para você?"
9,Parcelamento / Como funciona o pagamento?,"tem parcelamento, posso parcelar, como funciona o pagamento, aceita cartão, qual a forma de pagamento","Sim, facilitamos muito! 😊 Boleto até 36x, crédito até 18x, Pix, dinheiro e entrada programada. Nossa especialista apresenta as condições na avaliação. Posso agendar?"
