Tópico,Informação
Endereço,"Av. Campos Sales, 901 – Ed. Manhattan Business, Sala 912 – Tirol, Natal/RN"
Referência,Por trás do Espaço América
Estacionamento,Estacionamento privativo no prédio
Bairro,Tirol
Cidade,Natal
Estado,RN
CEP,59020-300
Instagram,@oralconceptnatal
Telefone CRC,"84 99991-3901"
Horário Segunda,08:00 – 18:00 (almoço 12:00 – 14:00)
Horário Quarta,08:00 – 18:00 (almoço 12:00 – 14:00)
Horário Quinta,08:00 – 12:00 (somente manhã)
Horário Sexta,08:00 – 18:00 (almoço 12:00 – 14:00)
Terça-feira,Fechado
Sábado,Fechado
Domingo,Fechado
