"Categoria","Pergunta","Resposta"
"Dúvidas e Objeções","Por que vocês não aceitam plano de saúde ou convênio?","Não trabalhamos com planos de saúde para garantir a qualidade do atendimento, dos materiais utilizados e do tempo dedicado a cada paciente. Os convênios costumam limitar procedimentos, materiais e valores — e aqui, cada paciente recebe o melhor tratamento possível."
"Dúvidas e Objeções","Qual o tempo de tratamento?","O tempo varia de acordo com cada caso. De forma geral: a colocação do implante é um procedimento rápido, e a cicatrização (osseointegração) leva em média 3 a 6 meses. O especialista vai te orientar melhor na avaliação."
"Dúvidas e Objeções","Qual é o valor? Pelo menos uma média de preço?","Cada paciente possui uma necessidade diferente. Somente após a avaliação clínica e exames é possível definir o melhor tratamento, os materiais indicados e a complexidade do caso. Por isso, os valores só podem ser informados após a consulta presencial com o especialista."
"Dúvidas e Objeções","Como funciona o tratamento do implante dentário?","O implante dentário é um pequeno pino de titânio colocado no osso, que substitui a raiz do dente perdido. Após a colocação, ocorre um período de cicatrização em que o implante se integra ao osso (osseointegração). Depois disso, é colocada a coroa (o dente visível) por cima."
"Dúvidas e Objeções","Quanto custa a avaliação? A consulta é gratuita?","A nossa avaliação presencial não possui custo nenhum para o paciente. É um momento para o especialista entender o seu caso e indicar o melhor tratamento."
"Pagamento","Quais são as formas de pagamento aceitas pela clínica?","Nós aceitamos diversas facilidades de pagamento em todas unides: Dinheiro, Pix, Cartão de Crédito, Cartão de Débito e Boleto Bancário."
"Localização","Qual o endereço da unidade em Conselheiro Lafaiete?","A unidade Centro fica localizada na Rua José Nicolau de Queiroz, número 266. Fica ao lado da CROC. Nossos dias e horários lá são: Segunda, Quarta e Sexta e Sábados das 09h às 11h30."
"Localização","Qual o endereço da unidade em Congonhas?","Na unidade Congonhas nós funcionamos às Terças e Quintas e Sábados das 09h às 11h30."
"Geral","Quais são as especialidades da Clínica Atualle?","Nosso foco e especialidade central é o Implante Dentário (substituição de dentes perdidos por pinos de titânio integrados ao osso para reabilitação). Também oferecemos prótese sobre o implante e manutenção, sempre com atendimento humanizado."
