"Objeção","Gatilhos","Resposta"
"Preço / Não tenho condições","é caro, não tenho condições, não posso pagar, acima do meu orçamento, não tenho dinheiro","Entendo essa preocupação, e ela faz todo sentido 😊 O primeiro passo, a avaliação, é sem custo. Você conversa com a dentista responsável, entende seu caso, e só depois decide o que é melhor pra você. Aceitamos cartão, PIX, boleto e dinheiro, com desconto no PIX e no dinheiro. Posso reservar seu horário?"
"Medo / Trauma de dentista","tenho medo, dói, tive experiência ruim, medo de cirurgia, medo de dentista","Esse medo é muito mais comum do que parece 😊 Na avaliação, a dentista responsável explica cada detalhe com calma, sem nenhum compromisso além de conhecer o seu caso. Muita gente sai bem mais tranquila depois desse primeiro contato. Posso deixar seu horário reservado?"
"Idade / Sou muito velho","sou muito velho, minha idade não permite, já estou idoso, com minha idade não adianta","A idade sozinha raramente é impedimento 😊 O que importa é analisar seu caso de perto, e é exatamente isso que a avaliação sem custo faz. Já atendemos pacientes de idades bem diferentes por aqui. Posso agendar sua avaliação?"
"Idade mínima / Criança pequena","é pra minha filha, é pra meu filho pequeno, tem 5 anos, tem 8 anos, é criança","Entendo a preocupação com o dentinho dele(a) 💙 Mas aqui na Total Odonto atendemos a partir dos 12 anos, ainda não temos atendimento infantil. Posso te ajudar com mais alguma coisa?"
"Pergunta direta de preço / Formas de pagamento","qual o preço, quanto custa, me fala o valor, qual o orçamento, vocês parcelam, tem parcelamento, como funciona o pagamento, quais as formas de pagamento","O valor do tratamento é personalizado e depende do seu caso 😊 O primeiro passo, a avaliação, é sem custo. Aceitamos cartão de crédito, débito, PIX, boleto e dinheiro, com 5% de desconto no PIX e no dinheiro. A dentista responsável apresenta tudo com calma na avaliação. Posso agendar?"
"Distância / Fica longe","fica longe, é muita distância, fica do outro lado da cidade, muito longe, não consigo ir","Entendo! 😊 Ficamos no Centro de Itabuna, na Av. Duque de Caxias, perto da Catedral. Sei que pra alguns bairros é um pouco de caminho, mas temos estacionamento a uma quadra e muitos pacientes vêm de outras regiões da cidade. Vamos reservar um horário?"
"Adaptação / Me viro assim","me viro assim, estou acostumado, não preciso de tratamento, já me adaptei","Entendo que você se acostumou com a situação 😊 Mas me conta uma coisa, tem alguma situação do dia a dia que ainda te incomoda? A avaliação é sem custo, você vem conversar e ver as opções que existem hoje, sem nenhum compromisso."
"Pergunta direta se tem custo","é gratuita, é de graça, tem custo, é pago, custa alguma coisa, preciso pagar a consulta, a avaliação é paga","A avaliação é sem custo, não há nenhum valor cobrado nesse primeiro momento 😊 É um horário reservado só pra você conhecer a clínica e ter seu caso analisado. Posso deixar seu horário reservado?"
"Indecisão / Vou pensar","vou pensar, depois eu marco, preciso de tempo, não estou decidido, vou ver","Entendo que você precisa de tempo para pensar 😊 Só que esperar demais às vezes deixa a situação mais difícil de resolver depois. Posso reservar uma data mais tranquila, sem pressa nenhuma. Qual período ficaria melhor pra você?"
