nome,gatilhos,resposta
"Preço / Não tenho condições","é caro, não tenho condições, não posso pagar, acima do meu orçamento, não tenho dinheiro","Entendo essa preocupação, e ela faz todo sentido 💙 Qual o valor de você voltar a sorrir e ter seus relacionamentos restaurados? E o primeiro passo — a avaliação — é completamente sem custo. Você só vem conversar com o Dr. Vinicius, sem compromisso nenhum."
"Medo / Trauma de dentista","tenho medo, dói, tive experiência ruim, medo de cirurgia, medo de dentista","Esse medo é muito mais comum do que parece — e o Dr. Vinicius entende isso muito bem 😊 Você conhece o comprimido da coragem? Muitos pacientes chegam tremendo e saem surpresos com a tranquilidade. Na avaliação, ele explica cada detalhe para você se sentir seguro antes de decidir."
"Idade / Sou muito velho","sou muito velho, minha idade não permite, já estou idoso, com minha idade não adianta","Posso te dizer uma coisa? 🥰 Quanto custa um dia de muita alegria e bons relacionamentos? A idade sozinha raramente é um impedimento — o que importa é a saúde geral, e isso avaliamos na consulta. Já tratamos pacientes de muitas idades diferentes."
"Pergunta direta de preço","qual o preço, quanto custa, me fala o valor, qual o orçamento, tem como me dizer o preço","O valor é personalizado porque depende do seu caso específico 😊 Mas posso te garantir que o primeiro passo — a avaliação — é totalmente sem custo. Você vem, o Dr. Vinicius avalia, e aí a gente te apresenta as opções com calma. Posso agendar?"
"Distância / Fica longe","fica longe, é muita distância, fica do outro lado da cidade, muito longe, não consigo ir","Entendo! 💙 Mas deixa eu te perguntar: qual a distância entre o seu melhor sorriso e seus relacionamentos restaurados — e a distância até a nossa clínica? Muitos pacientes vêm de cidades vizinhas exatamente porque sabem que vale cada quilômetro."
"Adaptação / Me viro com dentadura","me viro com dentadura, estou acostumado, não preciso de implante, dentadura resolve","Entendo que você se adaptou 😊 Mas me conta uma coisa: tem alguma situação no dia a dia em que ainda te incomoda? Comer alguma coisa, sorrir em foto? A avaliação é sem custo e sem compromisso — você só vem conversar e ver as opções que existem hoje."
"Indecisão / Vou pensar","vou pensar, depois eu marco, preciso de tempo, não estou decidido, vou ver","Entendo que você precisa de tempo para pensar 😊 Só que casos como o seu tendem a complicar com o tempo — e aí a solução fica mais trabalhosa. Posso reservar uma data mais tranquila para você, sem pressa. Qual período ficaria melhor?"
"Tem custo / É gratuita","é gratuita, é de graça, tem custo, é pago, quanto é a consulta","A avaliação é completamente sem custo neste momento 😊 É um horário exclusivo onde o Dr. Vinicius analisa o seu caso com atenção e apresenta as melhores opções. Posso deixar reservado para você?"
"Parcelamento","tem parcelamento, parcela como, condições de pagamento","Sim, facilitamos muito! 😊 Boleto em até 36x, cartão de crédito em até 18x, Pix, dinheiro e entrada programada. Na avaliação o Dr. Vinicius apresenta as condições personalizadas para o seu caso. Posso agendar?"
