nome,descricao
"Reabilitação Oral","Realizamos reabilitação oral completa para devolver função e estética ao sorriso. Desde restaurações simples até protocolos completos com implantes. Cada caso é avaliado de forma personalizada pela Dra. Camila. A avaliação é sem custo."
"Implantes Dentários","Implantes para substituição de dentes perdidos com naturalidade e durabilidade. Indicados para quem usa dentadura, perdeu dentes ou tem dificuldade para mastigar. Resultado fixo e permanente. Avaliação sem custo com a Dra. Camila."
"Protocolos sobre Implantes","Reabilitação total com implantes (protocolo superior e/ou inferior). Solução definitiva para quem usa dentadura ou perdeu todos os dentes. Alta qualidade de vida e conforto ao mastigar. Avaliação sem custo na clínica."
"Ortodontia e Aparelhos","Tratamento com aparelhos ortodônticos para alinhamento dos dentes e correção da mordida. Opções modernas adaptadas a cada caso e faixa etária. Atendemos adultos, jovens e crianças mediante avaliação com a Dra. Camila."
"Lentes de Contato e Facetas","Transformação estética do sorriso com lentes de contato dental e facetas. Solução para dentes manchados, irregulares ou com leves imperfeições. Resultado natural e duradouro. Avaliação personalizada sem custo."
"Clínica Geral e Limpeza","Atendimento clínico geral para manutenção da saúde bucal: limpeza, restaurações, exames e acompanhamento preventivo. Cuidado completo para toda a família, inclusive odontopediatria. Agende sua avaliação sem custo."
"Endodontia (Tratamento de Canal)","Tratamento de canal para salvar dentes com infecção ou polpa comprometida. Procedimento moderno com anestesia, seguro e sem dor excessiva. Devolvemos a função e eliminamos a dor de dente. Avaliação com a Dra. Camila."
"Periodontia (Gengiva)","Tratamento especializado de gengiva: gengivite, periodontite e problemas de suporte dental. Cuidar da gengiva é essencial para manter implantes e dentes naturais saudáveis. Avaliação e diagnóstico sem custo na clínica."
"Extração e Sisos","Extração de dentes com cuidado e anestesia adequada, incluindo sisos (terceiros molares). Procedimento seguro com equipe experiente. Pós-operatório orientado pela Dra. Camila. Agende sua avaliação sem custo."
"Clareamento Dental","Clareamento dental supervisionado para dentes mais brancos e sorriso mais bonito. Indicado para dentes amarelados ou manchados. Resultado visível e duradouro. Avaliação com a Dra. Camila para o melhor protocolo."
"Próteses Dentárias","Próteses fixas e removíveis para reabilitação de dentes perdidos. Opção para quem usa dentadura parcial ou total. Alta estética e funcionalidade. Avaliação personalizada com a Dra. Camila sem custo."
"Estética Dental","Procedimentos estéticos para transformar o sorriso: clareamento, facetas, lentes, restaurações estéticas. Atendemos quem tem vergonha de sorrir ou quer melhorar a aparência dos dentes. Avaliação sem custo."
"Pagamento e Financiamento","Dinheiro, Pix, boleto bancário em até 36x, cartão de débito, cartão de crédito em até 18x e entrada programada. Condições personalizadas conforme o tratamento. Apresentamos todas as opções na avaliação sem custo."
"Atendimento Particular","A Elegance Ouro Verde atende exclusivamente no sistema particular. Não trabalhamos com convênios ou planos odontológicos. Isso garante atendimento personalizado, sem filas e com total foco no resultado do paciente."
"Público-Alvo Elegance","Atendemos pessoas de 25 a 90 anos. Foco em adultos 40+ que desejam implantes, reabilitação oral ou melhorar o sorriso. Ideal para aposentados, pessoas com dentadura, dificuldade para comer ou vergonha ao sorrir. Classes B, C e D."
"Dra. Camila","Dra. Camila é a dentista responsável pela Elegance Ouro Verde. Especialista em reabilitação oral e implantes. Realiza avaliações detalhadas e apresenta as melhores opções de tratamento para cada caso. Avaliação sem custo."
