id,categoria,subcategoria,unidade,titulo,conteudo
1,sobre_a_clinica,descricao,botafogo,Sobre a Prime Dente Botafogo,"A Prime Dente Botafogo é uma clínica odontológica com 3 anos de atuação no Rio de Janeiro. Especializada em reabilitação oral e estética dental, com foco em dois grandes carros-chefe: implantes/protocolo e Invisalign. Esta unidade fica em Botafogo (Zona Sul). A clínica também possui uma unidade no Méier (Zona Norte), atendida por um canal próprio."
2,localizacao,endereco,botafogo,Endereço Botafogo,"Rua Dona Mariana, 125 — Botafogo, Rio de Janeiro/RJ. CEP 22280-020. Zona Sul do Rio de Janeiro."
4,localizacao,horarios,botafogo,Horários de Atendimento,"Segunda a Sexta: 09:00 às 19:00. Sábado e Domingo: Fechado. Sem intervalo de almoço. Atendimento somente por agendamento. Encaixes apenas em casos de emergência."
5,localizacao,contato,botafogo,Contato e Redes Sociais,"Telefone: (21) 99991-5601. Instagram: @prime_dente."
6,equipe,dentista,botafogo,Dr. Thiago H. Q. Menezes,"Especialidade principal: Implantodontia e Reabilitação Oral. Atendimento: Segundas e quintas (sem fallback)."
7,equipe,dentista,botafogo,Dra. Lorraine Ribeiro Mendes,"Especialidade principal: Invisalign e Estética Dental. Atendimento: Terças, quartas e sextas (primária) — Dr. Thiago como fallback."
8,equipe,regra,botafogo,Regra de Nomeação do Profissional,"O nome do profissional que atenderá o paciente é definido automaticamente pelo sistema conforme o horário agendado. Sophia nunca cita um nome específico antes de verificar a disponibilidade — sempre usa o campo nome_profissional_sugerido retornado pelo sistema."
9,especialidades,implantes,botafogo,Implantes e Protocolo (All on 4 / All on 6),"Reposição de dentes perdidos com implantes de titânio. A Prime Dente é referência em reabilitação oral completa. Indicado para pacientes com dentes perdidos que buscam solução definitiva e funcional."
10,especialidades,invisalign,botafogo,Invisalign,"Alinhador transparente e removível para correção de dentes tortos ou desalinhados. Tratamento discreto — ninguém percebe que você está em tratamento. Scanner iTero disponível: o paciente já sai da avaliação visualizando como vai ficar o sorriso."
11,especialidades,aparelho_fixo,botafogo,Aparelho Fixo (Ortodontia),"A clínica trabalha com aparelho fixo em duas versões: Metálico (opção mais robusta e econômica) e De Safira/Cerâmica (estético, discreto e transparente — menos visível que o metálico). Quando o paciente perguntar sobre aparelho fixo, Sophia informa que a clínica oferece essas opções e redireciona para a avaliação."
12,especialidades,proteses,botafogo,Próteses e Restaurações,"Coroas, pontes, lentes de contato dental e restaurações em resina."
13,especialidades,clareamento,botafogo,Clareamento Dental,"Clareamento a laser e caseiro com moldeiras personalizadas."
14,especialidades,periodontia,botafogo,Periodontia,"Tratamento de gengiva — gengivite, periodontite e estética gengival."
15,especialidades,endodontia,botafogo,Endodontia,"Tratamento de canal com tecnologia de rotação mecanizada."
16,diferenciais,geral,botafogo,Diferenciais da Clínica,"3 anos de história em Botafogo. Dois dentistas especializados atendendo de segunda a sexta. Scanner iTero oficial do Invisalign. Avaliação como Cortesia da clínica — você só vem conversar e já sai com um plano claro. Parcelamento personalizado conforme o caso."
17,diferenciais,localizacao,botafogo,Diferenciais de Localização Botafogo,"Localização na Zona Sul do Rio de Janeiro. Bairro de Botafogo — área nobre e de fácil acesso."
19,pagamento,formas,botafogo,Formas de Pagamento,"Cartão de crédito (parcelado conforme o plano de tratamento). Débito. PIX. Boleto. Dinheiro. Valores de procedimentos nunca são informados pelo chat — Sophia redireciona sempre para a avaliação (Cortesia da clínica) onde o plano completo é apresentado."
20,pagamento,convenios,botafogo,Convênios,"A Prime Dente trabalha exclusivamente com atendimento particular. Não aceita nenhum convênio ou plano odontológico."
21,publico_alvo,adultos,botafogo,Público-alvo Adulto,"Adultos de 18 a 65 anos que buscam solução para dentes perdidos, sorriso desalinhado ou estética dental. Valorizam qualidade, conforto e resultado visível. Geralmente já tentaram outras opções ou estão buscando uma clínica de confiança."
22,publico_alvo,infantil,botafogo,Público-alvo Infantil,"Crianças a partir de 6 anos: atendimento com Consulta Pediátrica Especial (R$ 200,00 descontado do procedimento). Responsável obrigatório. Executar tag_paciente_infantil. Crianças abaixo de 6 anos: transferência imediata para a Fernanda via transferir_atendimento."
23,avaliacao,cortesia,botafogo,Avaliação — Cortesia da Clínica,"A avaliação é uma Cortesia da Prime Dente Botafogo: o presente de boas-vindas oferecido ao paciente na primeira visita. Usar sempre o termo Cortesia — nunca gratuita, nunca grátis, nunca sem custo, nunca sem compromisso, nunca por conta da clínica ou por conta deles. A linguagem deve variar por estágio — nunca repetir a mesma formulação em mensagens consecutivas. Exemplos de variações aceitas: A avaliação é uma Cortesia para quem vem pela primeira vez. / A Prime Dente Botafogo te recebe para uma conversa: você conhece a equipe e já sai com um plano. / Você só vem conhecer a equipe e já sai com um plano claro."
24,avaliacao,campanha,botafogo,Campanha Solidária,"Se o paciente trouxer 1kg de alimento não perecível, a avaliação é uma Cortesia reforçada. A clínica valoriza o gesto solidário. Sophia menciona a campanha como diferencial humano da clínica, não como condição."
26,regras_internas,contexto,botafogo,Verificação de Contexto ao Consultar o BK,"OBRIGATÓRIO: Antes de responder qualquer dúvida via BK (E9), executar Ler_Contexto para verificar se as etiquetas de dor (Marcar_Dor_Estetica ou Marcar_Dor_Mastigacao) estão ativas. Se NÃO houver etiquetas: o paciente ainda não passou pelo SPIN — responder a dúvida e redirecionar naturalmente para E2 com uma pergunta de aprofundamento. Se JÁ houver etiquetas: SPIN realizado — responder e oferecer a avaliação. Nunca oferecer a avaliação diretamente para pacientes sem etiquetas de dor ativas."
27,regras_internas,unidade,botafogo,Unidade de Atendimento,"Este agente atende exclusivamente a unidade de Botafogo. A unidade do Méier (Rua Dias da Cruz, 532, Zona Norte) é operada por um canal próprio. Sophia só menciona o Méier como referência quando o paciente indica que a Zona Norte seria mais acessível — nesse caso oferece encaminhar o contato via transferir_atendimento. Sophia nunca agenda no Méier."
